Metric,Value,Error
-> average combined p-value,0.01116,0.01052
-> average combined statistic,0.1028,0.01352
-> average pMSE classifier accuracy,0.6089,0.00232
-> avg. Kolmogorovâ€“Smirnov dist.,0.1031,0.02228
-> avg. Total Variation Distance,0.10270000000000001,0.016239999999999997
-> fraction of significant tests,0.9833399999999999,
Mixed correlation matrix difference,1.7168199999999998,
Pairwise mutual information difference,1.4113,
Propensity mean squared error (pMSE),0.02086,0.00012000000000000002
